{
  "train.joint": {
    "category": "neutral",
    "sounds": [
      "train/joint"
    ]
  },
  "train.lever": {
    "category": "neutral",
    "sounds": [
      "train/lever"
    ]
  },
  "train.rtm_tetsudoushouka": {
    "category": "neutral",
    "sounds": [
      "train/rtm_tetsudoushouka"
    ]
  },
  "train.rtm_223_kankuRapid": {
    "category": "neutral",
    "sounds": [
      "train/rtm_223_kankuRapid"
    ]
  },
  "train.rtm_223_release": {
    "category": "neutral",
    "sounds": [
      "train/rtm_223_release"
    ]
  },
  "train.rtm_dc40r_stn": {
    "category": "neutral",
    "sounds": [
      "train/rtm_dc40r_stn"
    ]
  },
  "train.rtm_dc40r_go-a": {
    "category": "neutral",
    "sounds": [
      "train/rtm_dc40r_go-a"
    ]
  },
  "train.rtm_dc40r_a": {
    "category": "neutral",
    "sounds": [
      "train/rtm_dc40r_a"
    ]
  },
  "train.rtm_dc40r_i": {
    "category": "neutral",
    "sounds": [
      "train/rtm_dc40r_i"
    ]
  },
  "train.rtm_dc40r_i-stop": {
    "category": "neutral",
    "sounds": [
      "train/rtm_dc40r_i-stop"
    ]
  },
  "train.rtm_E231sbb_go-mid": {
    "category": "neutral",
    "sounds": [
      "train/rtm_E231sbb_go-mid"
    ]
  },
  "train.rtm_E231sbb_mid": {
    "category": "neutral",
    "sounds": [
      "train/rtm_E231sbb_mid"
    ]
  },
  "train.rtm_E231sbb_mid-top": {
    "category": "neutral",
    "sounds": [
      "train/rtm_E231sbb_mid-top"
    ]
  },
  "train.rtm_E231sbb_top": {
    "category": "neutral",
    "sounds": [
      "train/rtm_E231sbb_top"
    ]
  },
  "train.rtm_E231sbb_top-mid": {
    "category": "neutral",
    "sounds": [
      "train/rtm_E231sbb_top-mid"
    ]
  },
  "train.rtm_E231sbb_mid-stop": {
    "category": "neutral",
    "sounds": [
      "train/rtm_E231sbb_mid-stop"
    ]
  },
  "train.rtm_223mh": {
    "category": "neutral",
    "sounds": [
      "train/rtm_223mh"
    ]
  },
  "train.rtm_223_go-mid": {
    "category": "neutral",
    "sounds": [
      "train/rtm_223_go-mid"
    ]
  },
  "train.rtm_223_mid": {
    "category": "neutral",
    "sounds": [
      "train/rtm_223_mid"
    ]
  },
  "train.rtm_223_mid-stop": {
    "category": "neutral",
    "sounds": [
      "train/rtm_223_mid-stop"
    ]
  },
	"train.223_s0": {
    "category": "neutral",
    "sounds": [
      "train/223_s0"
    ]
  },
	"train.223_s1": {
    "category": "neutral",
    "sounds": [
      "train/223_s1"
    ]
  },
	"train.223_s2": {
    "category": "neutral",
    "sounds": [
      "train/223_s2"
    ]
  },
	"train.223_run": {
    "category": "neutral",
    "sounds": [
      "train/223_run"
    ]
  },
	"train.223_run_tunnel": {
    "category": "neutral",
    "sounds": [
      "train/223_run_tunnel"
    ]
  },
	"train.223_air": {
    "category": "neutral",
    "sounds": [
      "train/223_air"
    ]
  },
	"train.ats": {
    "category": "neutral",
    "sounds": [
      "train/ats"
    ]
  },
	"train.ats_bell": {
    "category": "neutral",
    "sounds": [
      "train/ats_bell"
    ]
  },
  "train.rtm_wh_00l": {
    "category": "neutral",
    "sounds": [
      "train/rtm_wh_00l"
    ]
  },
  "block.rtm_crossingGate0": {
    "category": "neutral",
    "sounds": [
      "block/humikiri"
    ]
  },
  "item.gun": {
    "category": "neutral",
    "sounds": [
      "item/gun"
    ]
  },
	"block.metal": {
    "category": "neutral",
    "sounds": [
      "block/metal"
    ]
  }
}