{"stat.mineBlock.69":1,"achievement.openInventory":8,"achievement.exploreAllBiomes":{"value":0,"progress":["Forest","Desert","Taiga","Plains","ForestHills"]},"stat.fallOneCm":31208,"stat.useItem.87":128,"stat.flyOneCm":33602,"stat.useItem.39":7,"stat.drop":62,"stat.damageTaken":11850,"stat.useItem.80":36,"stat.leaveGame":2,"stat.diveOneCm":10843,"stat.playOneMinute":45119,"stat.useItem.17":1,"stat.mineBlock.66":1,"stat.useItem.134":7,"stat.jump":346,"stat.deaths":6,"stat.mineBlock.3":2,"stat.mineBlock.50":1,"stat.swimOneCm":2808,"stat.horseOneCm":1730,"stat.walkOneCm":511839,"stat.useItem.35":25}