{"stat.damageDealt":10,"achievement.exploreAllBiomes":{"value":0,"progress":["Forest","Desert","Taiga","Plains","ForestHills"]},"stat.mineBlock.31":23,"stat.useItem.126":6,"achievement.openInventory":15,"stat.craftItem.58":1,"stat.fallOneCm":21301,"stat.flyOneCm":129,"achievement.buildWorkBench":2,"stat.useItem.39":56,"stat.drop":29,"stat.damageTaken":41440,"stat.leaveGame":2,"stat.diveOneCm":430,"achievement.mineWood":2,"stat.mineBlock.58":1,"stat.mineBlock.17":2,"stat.playOneMinute":44039,"stat.craftItem.126":6,"stat.useItem.17":1,"stat.deaths":6,"stat.mineBlock.3":3,"stat.jump":79,"stat.useItem.58":1,"stat.swimOneCm":314,"stat.mineBlock.85":1,"stat.walkOneCm":357632,"stat.useItem.44":13}