{
  "trainName": "223h",
  "trainType": "EC",

  "trainModel2": {
      "modelFile": "ModelTrain_223h.class",
      "textures": [["default", "textures/train/223/223h.png", "Light"]]
  },
  "bogieModel2": {
      "modelFile": "ModelBogie.class",
      "textures": [["default", "textures/train/bogie.png"]]
  },

  "buttonTexture": "textures/train/223/button_223h.png",
  "rollsignTexture": "textures/train/223/rollsign_223h.png",
  "rollsignNames": ["S-Rapid_Aboshi", "S-Rapid_Tsuruga", "S-Rapid_", "S-Rapid_", "S-Rapid_", "S-Rapid_", "Rapid_Kyoto", "Rapid_Himeji",
    "Rapid_", "Rapid_", "None", "None", "None", "None", "None", "None"],
  "rollsigns": [
    {
      "uv": [0.0, 0.28125, 0.0, 1.0],
      "pos": [[[0.3125, 2.625, 10.25], [0.3125, 2.375, 10.25], [-0.3125, 2.375, 10.25], [-0.3125, 2.625, 10.25]],
        [[1.5, 2.6875, -3.1875], [1.5, 2.4375, -3.1875], [1.5, 2.4375, -2.5625], [1.5, 2.6875, -2.5625]],
        [[-1.5, 2.6875, 3.1875], [-1.5, 2.4375, 3.1875], [-1.5, 2.4375, 2.5625], [-1.5, 2.6875, 2.5625]]],
      "doAnimation": true
    },
    {
      "uv": [0.65625, 1.0, 0.0, 1.0],
      "pos": [[[1.1875, 2.5625, 10.25], [1.1875, 2.375, 10.25], [0.5, 2.375, 10.25], [0.5, 2.5625, 10.25]]],
      "doAnimation": false
    },
    {
      "uv": [0.28125, 0.65625, 0.0, 1.0],
      "pos": [[[1.5, 2.6875, -4.125], [1.5, 2.4375, -4.125], [1.5, 2.4375, -3.375], [1.5, 2.6875, -3.375]],
        [[-1.5, 2.6875, 4.125], [-1.5, 2.4375, 4.125], [-1.5, 2.4375, 3.375], [-1.5, 2.6875, 3.375]]],
      "doAnimation": false
    }
  ],
  "sound_Stop": "",
  "sound_S_A": "train.rtm_223_go-mid",
  "sound_Acceleration": "train.rtm_223_mid",
  "sound_Deceleration": "train.rtm_223_mid",
  "sound_D_S": "train.rtm_223_mid-stop",
  "sound_Horn": "train.rtm_223mh",
  "sound_BrakeRelease": "train.rtm_223_release",
  "sound_Announcement": [["KankuRapid", "rtm:train.rtm_223_kankuRapid"], ["Test", "test:train.test"]],
  "seatPos": [[12, 0, 90, 1], [12, 0, 70, 1], [12, 0, 50, 1], [12, 0, 30, 1],
    	[12, 0, -140, 1], [12, 0, -90, 1], [12, 0, -70, 1], [12, 0, -50, 1], [12, 0, -30, 1],
    	[-12, 0, 90, 1], [-12, 0, 70, 1], [-12, 0, 50, 1], [-12, 0, 30, 1],
    	[-12, 0, -140, 1], [-12, 0, -90, 1], [-12, 0, -70, 1], [-12, 0, -50, 1], [-12, 0, -30, 1]],

  "soundScriptPath": "scripts/sound_223.js",

  "playerPos": [[0.8, 0.25, 9.187], [-0.8, 0.25, -9.187]],
  "bogiePos": [[0.0, 0.0, 7.125], [0.0, 0.0, -7.125]],
  "maxSpeed": [0.40, 0.84, 1.08, 1.39, 1.67],
  "renderLight": true,
  "rolling": 0.4
}