{
  "trainName": "objTest",
  "trainType": "EC",

  "trainModel2": {
      "modelFile": "ModelTrain_objTest.mqo",
      "textures": [["mat1", "textures/train/objTest/objTest.png"]]
  },
  "bogieModel2": {
      "modelFile": "ModelBogie.class",
      "textures": [["default", "textures/train/bogie.png"]]
  },

  "buttonTexture": "textures/train/objTest/button_objTest.png",
  "sound_Stop": "",
  "sound_S_M": "train.rtm_223_go-mid",
  "sound_Medium": "train.rtm_223_mid",
  "sound_M_H": "train.rtm_223_mid-top",
  "sound_High": "train.rtm_223_top",
  "sound_H_M": "train.rtm_223_top-mid",
  "sound_M_S": "train.rtm_223_mid-stop",
  "sound_Horn": "train.rtm_223mh",
  "seatPos": [[12, 0, 90, 1], [12, 0, 70, 1], [12, 0, 50, 1], [12, 0, 30, 1],
    	[12, 0, -140, 1], [12, 0, -90, 1], [12, 0, -70, 1], [12, 0, -50, 1], [12, 0, -30, 1],
    	[-12, 0, 90, 1], [-12, 0, 70, 1], [-12, 0, 50, 1], [-12, 0, 30, 1],
    	[-12, 0, -140, 1], [-12, 0, -90, 1], [-12, 0, -70, 1], [-12, 0, -50, 1], [-12, 0, -30, 1]],
  "playerPos": [
    [
      0.8, 0.25, 9.187
    ],
    [
      -0.8, 0.25, -9.187
    ]
  ],
  "bogiePos": [
    [
      0.0,
      0.0,
      7.125
    ],
    [
      0.0,
      0.0,
      -7.125
    ]
  ],
  "doCulling": true
}
