{
  "trainName": "hoki800",
  "trainType": "CC",

  "trainModel2": {
      "modelFile": "ModelTrain_hoki800.mqo",
      "textures": [["default", "textures/train/hoki800/hoki800.png"]]
  },
  "bogieModel2": {
      "modelFile": "ModelBogie_ft1.obj",
      "textures": [["default", "textures/train/ft1.png"]]
  },

  "buttonTexture": "textures/train/hoki800/button_hoki800.png",
  "sound_Stop": "",
  "sound_S_M": "",
  "sound_Medium": "",
  "sound_M_H": "",
  "sound_High": "",
  "sound_H_M": "",
  "sound_M_S": "",
  "sound_Horn": "",

  "seatPos": [],
  "playerPos": [
    [0.8, 0.0, 6.2],
    [-0.8, 0.0, -6.2]
  ],
  "bogiePos": [
    [0.0, 0.0, 5.1],
    [0.0, 0.0, -5.1]
  ],
	
	"trainDistance": 6.4,
  "doCulling": true
}