{
  "trainName": "df200",
  "trainType": "DC",

  "trainModel2": {
      "modelFile": "ModelTrain_df200.obj",
      "textures": [["default", "textures/train/df200/df200.png", "AlphaBlend"]]
  },
  "bogieModel2": {
      "modelFile": "ModelBogie_fdt100.obj",
      "textures": [["default", "textures/train/fdt100.png"]]
  },

  "buttonTexture": "textures/train/df200/button_df200.png",
  "sound_Stop": "train.rtm_dc40r_stn",
  "sound_S_A": "train.rtm_dc40r_go-a",
  "sound_Acceleration": "train.rtm_dc40r_a",
  "sound_Deceleration": "train.rtm_dc40r_i",
  "sound_D_S": "train.rtm_dc40r_i-stop",
  "sound_Horn": "train.rtm_wh_00l",

  "seatPos": [],
  "playerPos": [
    [0.8, 0.1875, 9.187],
    [-0.8, 0.1875, -9.187]
  ],
  "bogiePos": [
    [0.0, 0.0, 7.125],
    [0.0, 0.0, -7.125]
  ],
  "accelerateion" : 0.00111,
  "doCulling": true,
  "smoke": [[0.0, 3.0, 7.5, "explode", 1, 3], [0.0, 3.0, -7.5, "explode", 1, 2]]
}